frame,timestamp_s,floor_angle_deg,R Ankle,L Ankle,R Knee,L Knee,R Hip,L Hip,R Shoulder,L Shoulder,R Elbow,L Elbow,R Wrist,L Wrist
0,0.0,0.0,nan,nan,141.7,114.8,161.4,154.9,158.5,168.6,178.5,177.6,nan,nan
1,0.017,0.0,nan,nan,139.7,109.6,162.8,149.1,159.2,168.9,178.3,177.6,nan,nan
2,0.033,0.0,nan,nan,138.6,106.9,164.8,146.1,160.0,167.5,178.0,175.8,nan,nan
3,0.05,0.0,nan,nan,138.3,104.8,164.5,144.1,160.1,167.8,177.9,176.1,nan,nan
4,0.067,0.0,nan,nan,140.6,105.5,162.9,144.0,159.0,168.9,179.2,176.2,nan,nan
5,0.083,0.0,nan,nan,144.9,104.4,160.2,141.6,158.8,168.9,178.5,176.7,nan,nan
6,0.1,0.0,nan,nan,149.5,108.2,157.4,145.3,159.3,168.0,178.9,176.4,nan,nan
7,0.117,0.0,nan,nan,149.8,108.4,155.3,142.7,158.6,167.7,179.1,176.6,nan,nan
8,0.133,0.0,nan,nan,146.7,115.4,154.3,142.7,158.2,168.1,178.4,175.9,nan,nan
9,0.15,0.0,nan,nan,139.1,111.8,162.4,137.8,158.6,166.5,177.9,175.1,nan,nan
10,0.167,0.0,nan,nan,136.2,114.8,164.6,138.3,158.1,166.3,177.2,174.2,nan,nan
11,0.183,0.0,nan,nan,146.4,118.5,159.5,139.0,157.7,166.0,176.9,175.3,nan,nan
12,0.2,0.0,nan,nan,147.8,118.8,160.1,139.9,157.8,164.8,177.3,176.1,nan,nan
13,0.217,0.0,nan,nan,143.1,124.0,162.6,141.0,156.9,163.7,177.3,174.8,nan,nan
14,0.233,0.0,nan,nan,142.7,122.6,165.1,138.3,156.7,163.3,176.2,175.7,nan,nan
15,0.25,0.0,nan,nan,142.7,130.9,163.2,139.2,155.6,162.5,176.5,176.1,nan,nan
16,0.267,0.0,nan,nan,144.1,137.9,159.9,141.7,155.1,161.8,176.5,176.3,nan,nan
17,0.283,0.0,nan,nan,148.3,133.1,159.3,134.1,154.9,159.4,175.7,176.1,nan,nan
18,0.3,0.0,nan,nan,142.4,126.6,165.6,129.3,153.6,158.6,177.7,176.6,nan,nan
19,0.317,0.0,nan,nan,137.9,133.8,167.5,129.7,153.0,157.8,176.9,177.4,nan,nan
20,0.333,0.0,nan,nan,139.0,135.3,166.9,130.5,151.9,157.5,176.9,177.5,nan,nan
21,0.35,0.0,nan,nan,129.8,130.8,171.0,126.5,151.2,156.0,176.6,177.8,nan,nan
22,0.367,0.0,nan,nan,128.5,123.0,175.2,120.6,150.4,153.5,175.7,177.2,nan,nan
23,0.383,0.0,nan,nan,126.7,119.6,177.6,117.3,150.2,152.5,174.2,177.9,nan,nan
24,0.4,0.0,nan,nan,122.2,121.1,179.0,116.5,148.8,152.2,173.7,177.9,nan,nan
25,0.417,0.0,nan,nan,116.5,127.1,174.9,118.6,148.6,151.2,172.3,178.0,nan,nan
26,0.433,0.0,nan,nan,116.9,126.7,175.8,116.5,146.7,149.5,172.6,177.0,nan,nan
27,0.45,0.0,nan,nan,126.9,123.5,177.5,115.2,146.4,148.5,170.8,177.7,nan,nan
28,0.467,0.0,nan,nan,124.7,125.0,177.6,115.8,143.6,148.7,171.8,179.0,nan,nan
29,0.483,0.0,nan,nan,131.0,124.6,173.9,114.4,142.6,147.6,169.1,179.4,nan,nan
30,0.5,0.0,nan,nan,135.1,123.5,170.7,116.0,141.2,146.8,170.8,178.7,nan,nan
31,0.517,0.0,nan,nan,140.3,123.4,165.0,117.3,139.0,147.6,169.0,179.3,nan,nan
32,0.533,0.0,nan,nan,144.4,121.7,161.6,119.3,136.5,147.8,167.9,179.1,nan,nan
33,0.55,0.0,nan,nan,144.0,122.8,162.8,120.5,134.9,148.1,163.9,179.3,nan,nan
34,0.567,0.0,nan,nan,149.4,124.2,157.6,123.5,134.0,146.6,160.0,179.4,nan,nan
35,0.584,0.0,nan,nan,156.0,126.4,153.3,126.5,133.2,146.6,158.3,178.2,nan,nan
36,0.6,0.0,nan,nan,152.5,131.0,157.0,128.9,131.3,146.6,156.9,177.9,nan,nan
37,0.617,0.0,nan,nan,153.3,136.6,157.1,131.4,130.9,146.2,153.4,177.2,nan,nan
38,0.634,0.0,nan,nan,156.6,132.2,154.8,131.1,130.9,145.7,150.7,177.2,nan,nan
39,0.65,0.0,nan,nan,148.2,139.0,157.0,133.7,130.8,146.1,148.5,177.8,nan,nan
40,0.667,0.0,nan,nan,134.3,141.5,160.9,134.1,132.2,146.0,142.9,177.9,nan,nan
41,0.684,0.0,nan,nan,132.1,141.8,162.3,130.8,131.4,143.2,144.4,177.1,nan,nan
42,0.7,0.0,nan,nan,143.3,137.9,153.9,132.9,131.0,142.5,142.2,176.0,nan,nan
43,0.717,0.0,nan,nan,135.1,140.4,153.8,136.2,128.3,143.3,146.2,177.2,nan,nan
44,0.734,0.0,nan,nan,125.7,144.3,157.7,139.8,128.3,141.4,147.3,177.1,nan,nan
45,0.75,0.0,nan,nan,122.1,143.2,157.4,139.2,129.3,139.2,144.3,175.8,nan,nan
46,0.767,0.0,nan,nan,123.8,143.0,154.7,139.7,128.4,138.7,146.9,176.8,nan,nan
47,0.784,0.0,nan,nan,121.0,148.9,154.5,143.6,127.1,136.5,150.9,174.3,nan,nan
48,0.8,0.0,nan,nan,121.5,149.0,151.5,145.8,126.7,135.3,152.8,173.6,nan,nan
49,0.817,0.0,nan,nan,124.2,149.9,148.8,145.5,126.0,137.1,155.3,178.1,nan,nan
50,0.834,0.0,nan,nan,125.8,151.1,146.2,145.5,125.1,136.1,158.5,178.7,nan,nan
51,0.85,0.0,nan,nan,119.9,154.2,150.8,147.2,123.3,134.0,162.7,177.8,nan,nan
52,0.867,0.0,nan,nan,119.5,150.7,153.3,143.2,125.5,132.0,162.1,178.3,nan,nan
53,0.884,0.0,nan,nan,123.2,154.2,153.7,146.1,124.5,130.6,163.6,177.3,nan,nan
54,0.9,0.0,nan,nan,120.7,154.3,155.6,144.8,126.9,128.5,164.7,178.8,nan,nan
55,0.917,0.0,nan,nan,119.2,154.7,156.7,145.9,128.0,125.4,166.0,178.8,nan,nan
56,0.934,0.0,nan,nan,124.6,156.4,159.3,145.6,126.7,124.9,169.6,179.4,nan,nan
57,0.95,0.0,nan,nan,128.6,158.5,160.7,146.0,127.4,122.1,171.0,179.1,nan,nan
58,0.967,0.0,nan,nan,130.5,158.9,164.5,147.9,129.7,118.8,170.7,179.3,nan,nan
59,0.984,0.0,nan,nan,155.5,162.6,165.3,150.0,130.6,117.9,169.8,177.7,nan,nan
60,1.0,0.0,nan,nan,158.1,162.8,166.5,150.9,129.1,116.0,172.5,178.7,nan,nan
61,1.017,0.0,nan,nan,163.3,162.2,167.5,149.0,131.3,113.2,173.1,178.5,nan,nan
62,1.034,0.0,nan,nan,170.2,164.6,165.3,152.0,130.8,111.0,175.6,178.3,nan,nan
63,1.05,0.0,nan,nan,171.8,168.2,167.0,152.4,131.0,109.1,176.4,177.7,nan,nan
64,1.067,0.0,nan,nan,170.7,166.3,172.3,151.7,131.7,105.5,177.0,178.0,nan,nan
65,1.084,0.0,nan,nan,177.1,168.7,172.8,151.6,131.8,105.0,177.2,176.9,nan,nan
66,1.1,0.0,nan,nan,178.1,169.6,175.8,152.0,133.3,101.7,177.6,178.0,nan,nan
67,1.117,0.0,nan,nan,176.8,171.1,174.4,153.9,133.2,100.8,179.4,174.5,nan,nan
68,1.134,0.0,nan,nan,175.3,173.8,175.6,157.0,135.2,97.6,178.7,175.6,nan,nan
69,1.15,0.0,nan,nan,173.3,173.8,176.9,157.4,136.1,94.8,179.3,175.4,nan,nan
70,1.167,0.0,nan,nan,173.2,176.5,178.9,158.9,135.9,93.5,178.8,175.0,nan,nan
71,1.184,0.0,nan,nan,172.7,178.5,179.4,159.6,136.6,93.8,178.2,170.4,nan,nan
72,1.2,0.0,nan,nan,171.7,179.5,179.6,160.8,137.0,91.9,176.5,168.1,nan,nan
73,1.217,0.0,nan,nan,172.0,179.5,177.9,161.7,139.1,89.1,177.0,170.4,nan,nan
74,1.234,0.0,nan,nan,170.6,178.1,177.2,165.3,138.6,87.9,174.6,166.5,nan,nan
75,1.25,0.0,nan,nan,172.1,178.6,175.5,162.3,141.1,84.8,174.8,165.8,nan,nan
76,1.267,0.0,nan,nan,173.6,175.3,173.6,162.2,142.6,83.5,173.7,163.7,nan,nan
77,1.284,0.0,nan,nan,173.2,175.3,174.4,160.4,142.7,80.1,172.5,162.4,nan,nan
78,1.3,0.0,nan,nan,173.9,175.1,174.1,160.6,144.0,80.0,174.0,162.5,nan,nan
79,1.317,0.0,nan,nan,176.3,173.8,173.2,158.6,144.3,77.9,174.0,162.9,nan,nan
80,1.334,0.0,nan,nan,175.2,172.0,175.7,160.7,144.2,77.9,172.9,164.5,nan,nan
81,1.35,0.0,nan,nan,177.6,173.2,174.4,160.0,145.2,78.0,174.4,177.5,nan,nan
82,1.367,0.0,nan,nan,178.8,170.5,173.6,160.7,145.6,77.2,174.7,176.7,nan,nan
83,1.384,0.0,nan,nan,179.6,167.4,175.6,163.0,146.2,78.5,175.4,171.6,nan,nan
84,1.4,0.0,nan,nan,178.5,167.9,177.7,163.2,146.0,79.9,174.7,170.4,nan,nan
85,1.417,0.0,nan,nan,176.6,166.7,178.2,163.6,144.5,77.6,172.9,132.5,nan,nan
86,1.434,0.0,nan,nan,175.8,170.0,178.5,161.1,147.4,72.7,174.0,135.1,nan,nan
87,1.45,0.0,nan,nan,174.2,168.0,178.4,163.1,147.5,72.2,173.2,126.7,nan,nan
88,1.467,0.0,nan,nan,172.1,169.4,177.8,158.6,149.6,70.1,175.2,130.5,nan,nan
89,1.484,0.0,nan,nan,169.9,168.5,178.6,159.1,150.8,64.1,174.4,138.9,nan,nan
90,1.5,0.0,nan,nan,167.9,165.4,178.8,161.3,150.4,60.2,173.1,147.9,nan,nan
91,1.517,0.0,nan,nan,167.0,165.6,178.0,160.2,151.8,59.9,174.1,149.0,nan,nan
92,1.534,0.0,nan,nan,167.8,165.1,179.0,158.6,151.8,62.2,172.6,153.9,nan,nan
93,1.55,0.0,nan,nan,168.5,163.8,178.8,157.9,150.9,62.3,171.2,135.1,nan,nan
94,1.567,0.0,nan,nan,167.2,163.6,176.6,159.1,153.0,60.6,172.4,139.7,nan,nan
95,1.584,0.0,nan,nan,170.4,162.6,175.1,158.9,150.1,57.5,168.7,145.6,nan,nan
96,1.601,0.0,nan,nan,169.3,165.4,172.5,156.0,151.6,56.4,170.5,134.7,nan,nan
97,1.617,0.0,nan,nan,170.7,164.6,169.3,158.3,150.5,58.8,168.9,120.8,nan,nan
98,1.634,0.0,nan,nan,176.1,164.3,164.2,158.2,151.1,57.7,169.2,126.6,nan,nan
99,1.651,0.0,nan,nan,174.7,165.5,163.4,156.2,150.8,55.7,170.0,128.0,nan,nan
100,1.667,0.0,nan,nan,172.8,165.6,161.3,157.9,150.8,57.0,170.0,121.3,nan,nan
101,1.684,0.0,nan,nan,167.9,166.4,162.8,155.4,150.0,59.5,170.1,130.2,nan,nan
102,1.701,0.0,nan,nan,168.4,166.0,160.5,157.7,150.4,58.1,171.0,139.3,nan,nan
103,1.717,0.0,nan,nan,168.6,167.5,158.5,158.6,150.0,61.2,170.1,130.8,nan,nan
104,1.734,0.0,nan,nan,168.9,166.4,156.4,158.5,148.6,61.6,170.2,133.1,nan,nan
105,1.751,0.0,nan,nan,173.9,162.4,153.3,162.1,147.9,62.9,168.8,129.7,nan,nan
106,1.767,0.0,nan,nan,170.4,160.1,154.6,165.3,147.1,62.3,168.3,131.8,nan,nan
107,1.784,0.0,nan,nan,169.2,156.7,155.9,167.7,144.5,64.1,166.9,120.3,nan,nan
108,1.801,0.0,nan,nan,169.0,151.1,157.2,171.8,143.9,66.1,168.0,118.2,nan,nan
109,1.817,0.0,nan,nan,169.3,148.7,156.1,173.0,143.6,66.0,168.8,117.6,nan,nan
110,1.834,0.0,nan,nan,170.5,147.3,156.2,176.6,142.1,66.9,168.1,116.9,nan,nan
111,1.851,0.0,nan,nan,171.8,148.3,155.3,176.7,142.2,67.3,169.2,64.3,nan,nan
112,1.867,0.0,nan,nan,172.0,142.9,154.1,179.5,141.0,67.8,169.1,120.3,nan,nan
113,1.884,0.0,nan,nan,172.4,145.7,152.4,178.1,138.1,72.1,168.9,122.0,nan,nan
114,1.901,0.0,nan,nan,173.2,145.1,153.0,176.6,137.0,74.0,170.6,118.4,nan,nan
115,1.917,0.0,nan,nan,171.7,145.6,155.2,173.4,138.0,73.8,171.4,116.3,nan,nan
116,1.934,0.0,nan,nan,170.6,144.3,155.1,172.1,137.4,76.1,172.9,116.5,nan,nan
117,1.951,0.0,nan,nan,170.4,143.2,153.5,169.2,135.2,80.1,171.0,111.2,nan,nan
118,1.967,0.0,nan,nan,168.2,144.9,155.8,168.3,132.0,88.3,167.6,102.9,nan,nan
119,1.984,0.0,nan,nan,164.9,146.9,158.2,168.7,132.7,95.7,167.9,97.4,nan,nan
120,2.001,0.0,nan,nan,162.4,148.8,158.1,166.8,131.6,95.7,169.1,98.7,nan,nan
121,2.017,0.0,nan,nan,159.6,154.0,158.4,166.6,129.3,95.4,170.0,99.8,nan,nan
122,2.034,0.0,nan,nan,158.6,160.9,158.0,166.2,128.3,95.4,170.0,102.6,nan,nan
123,2.051,0.0,nan,nan,151.6,176.4,162.0,170.1,128.0,96.5,170.5,97.4,nan,nan
124,2.067,0.0,nan,nan,150.0,176.6,161.6,168.7,127.7,93.8,170.9,101.4,nan,nan
125,2.084,0.0,nan,nan,150.2,171.9,161.5,167.7,127.7,99.8,172.6,95.9,nan,nan
126,2.101,0.0,nan,nan,148.6,169.9,163.0,166.6,127.1,99.6,170.0,99.0,nan,nan
127,2.117,0.0,nan,nan,148.2,169.5,164.0,165.6,127.6,101.4,171.2,96.4,nan,nan
128,2.134,0.0,nan,nan,147.0,172.6,164.1,163.6,127.1,103.0,169.2,94.5,nan,nan
129,2.151,0.0,nan,nan,144.4,173.4,165.3,161.5,128.2,101.4,170.6,97.2,nan,nan
130,2.167,0.0,nan,nan,145.3,174.2,165.2,160.7,125.4,104.3,167.7,106.1,nan,nan
131,2.184,0.0,nan,nan,142.0,173.4,169.7,162.0,124.6,106.3,165.4,92.2,nan,nan
132,2.201,0.0,nan,nan,142.9,172.7,168.7,163.5,122.0,106.3,164.2,94.6,nan,nan
133,2.217,0.0,nan,nan,143.7,173.7,167.0,163.5,123.8,106.3,166.1,90.4,nan,nan
134,2.234,0.0,nan,nan,144.6,175.0,166.6,163.9,122.5,105.1,164.3,80.3,nan,nan
135,2.251,0.0,nan,nan,144.9,175.7,165.5,164.4,122.5,111.0,165.0,98.2,nan,nan
136,2.267,0.0,nan,nan,145.3,174.2,166.4,167.1,119.9,109.0,160.9,90.8,nan,nan
137,2.284,0.0,nan,nan,145.5,174.6,166.3,169.4,120.3,110.0,161.7,90.2,nan,nan
138,2.301,0.0,nan,nan,144.4,173.7,169.4,170.9,118.9,109.0,160.3,75.6,nan,nan
139,2.317,0.0,nan,nan,144.7,173.9,168.0,170.1,120.8,110.4,161.7,88.9,nan,nan
140,2.334,0.0,nan,nan,146.4,173.4,168.5,171.3,120.4,111.3,161.1,86.7,nan,nan
141,2.351,0.0,nan,nan,145.3,171.8,170.5,172.0,117.2,112.3,157.8,94.2,nan,nan
142,2.367,0.0,nan,nan,146.8,170.7,169.3,172.7,120.1,107.4,159.6,96.4,nan,nan
143,2.384,0.0,nan,nan,145.9,171.9,169.6,172.7,122.3,108.8,161.9,117.9,nan,nan
144,2.401,0.0,nan,nan,144.7,172.7,170.5,170.4,123.3,110.0,161.8,85.5,nan,nan
145,2.417,0.0,nan,nan,146.4,172.9,170.3,172.3,124.1,109.7,161.6,91.1,nan,nan
146,2.434,0.0,nan,nan,143.8,171.5,172.2,173.4,126.3,116.6,165.2,89.3,nan,nan
147,2.451,0.0,nan,nan,143.1,170.8,173.8,172.9,126.8,113.2,162.4,71.4,nan,nan
148,2.467,0.0,nan,nan,141.0,168.3,174.5,175.0,126.4,116.9,161.1,66.6,nan,nan
149,2.484,0.0,nan,nan,140.3,169.7,175.7,173.8,127.7,117.7,160.1,74.8,nan,nan
150,2.501,0.0,nan,nan,140.5,168.4,174.7,175.7,130.7,120.3,162.3,72.7,nan,nan
151,2.517,0.0,nan,nan,143.1,165.7,174.1,177.0,132.5,119.3,161.7,83.2,nan,nan
152,2.534,0.0,nan,nan,142.5,165.5,174.4,176.4,131.3,120.0,159.4,95.5,nan,nan
153,2.551,0.0,nan,nan,142.0,161.8,175.4,179.6,131.8,120.0,158.6,109.9,nan,nan
154,2.567,0.0,nan,nan,142.8,162.3,177.3,179.0,131.9,122.1,156.1,104.1,nan,nan
155,2.584,0.0,nan,nan,141.8,159.0,177.1,179.4,136.0,124.4,159.0,114.0,nan,nan
156,2.601,0.0,nan,nan,140.3,155.3,179.1,176.9,139.8,124.6,161.0,87.4,nan,nan
157,2.617,0.0,nan,nan,138.8,151.8,179.5,172.8,138.1,126.4,158.7,49.8,nan,nan
158,2.634,0.0,nan,nan,138.1,145.7,177.5,167.8,139.2,128.8,158.5,47.0,nan,nan
159,2.651,0.0,nan,nan,141.1,142.8,177.7,165.7,140.3,131.1,158.4,43.6,nan,nan
160,2.667,0.0,nan,nan,142.5,141.3,178.7,165.0,140.9,134.3,158.9,40.6,nan,nan
161,2.684,0.0,nan,nan,141.7,136.6,177.1,162.5,141.1,136.3,158.2,36.7,nan,nan
162,2.701,0.0,nan,nan,143.2,129.6,176.4,156.9,143.6,137.4,160.4,38.5,nan,nan
163,2.718,0.0,nan,nan,144.0,124.8,175.7,153.4,144.7,139.0,160.1,36.3,nan,nan
164,2.734,0.0,nan,nan,146.4,118.9,176.6,151.1,149.2,142.9,164.3,38.2,nan,nan
165,2.751,0.0,nan,nan,147.1,116.3,176.2,148.9,150.3,144.2,164.1,31.4,nan,nan
166,2.768,0.0,nan,nan,144.2,109.5,174.1,144.4,153.4,145.3,165.9,32.5,nan,nan
167,2.784,0.0,nan,nan,147.5,109.3,175.4,143.7,154.8,149.6,167.3,28.0,nan,nan
168,2.801,0.0,nan,nan,147.8,102.9,174.8,139.8,156.5,150.7,167.9,30.9,nan,nan
169,2.818,0.0,nan,nan,149.8,102.2,176.5,138.2,158.9,151.2,170.3,164.5,nan,nan
170,2.834,0.0,nan,nan,146.5,100.1,170.9,133.4,161.2,153.8,171.6,169.5,nan,nan
171,2.851,0.0,nan,nan,146.6,96.0,171.9,128.9,162.5,155.4,172.7,178.9,nan,nan
172,2.868,0.0,nan,nan,148.0,95.4,172.2,126.8,164.6,157.8,174.2,176.4,nan,nan
173,2.884,0.0,nan,nan,150.0,96.1,173.6,127.3,167.0,159.8,175.3,174.8,nan,nan
174,2.901,0.0,nan,nan,150.8,95.6,173.3,122.6,168.8,160.8,175.5,173.5,nan,nan
175,2.918,0.0,nan,nan,148.7,98.4,172.5,121.3,168.7,164.0,174.7,173.4,nan,nan
176,2.934,0.0,nan,nan,146.8,101.6,171.9,119.8,169.8,166.2,175.8,172.8,nan,nan
177,2.951,0.0,nan,nan,145.6,104.1,170.6,118.2,171.9,168.5,176.3,174.9,nan,nan
178,2.968,0.0,nan,nan,146.2,104.9,170.6,116.8,172.8,168.7,176.9,171.8,nan,nan
179,2.984,0.0,nan,nan,145.7,110.9,172.7,117.0,172.5,171.1,177.1,171.8,nan,nan
180,3.001,0.0,nan,nan,145.5,111.5,173.4,116.3,173.9,173.4,177.1,173.0,nan,nan
181,3.018,0.0,nan,nan,144.5,113.4,171.5,113.8,173.5,176.0,177.3,174.9,nan,nan
182,3.034,0.0,nan,nan,149.3,121.5,174.0,115.4,173.8,176.1,177.3,174.2,nan,nan
183,3.051,0.0,nan,nan,143.6,124.3,168.2,113.0,173.8,176.7,177.4,173.8,nan,nan
184,3.068,0.0,nan,nan,145.6,128.1,169.4,114.4,174.0,177.1,177.9,172.8,nan,nan
185,3.084,0.0,nan,nan,148.7,133.2,169.4,114.5,174.4,176.1,177.3,171.3,nan,nan
186,3.101,0.0,nan,nan,148.1,136.7,168.4,114.2,173.7,175.8,177.4,171.2,nan,nan
187,3.118,0.0,nan,nan,151.8,142.2,170.0,115.8,174.2,176.8,177.8,173.5,nan,nan
188,3.134,0.0,nan,nan,155.1,147.1,171.1,117.1,173.8,177.1,178.3,173.3,nan,nan
189,3.151,0.0,nan,nan,156.6,153.2,170.5,119.0,172.3,176.8,176.7,172.8,nan,nan
190,3.168,0.0,nan,nan,158.8,158.8,170.1,121.5,172.0,176.2,176.5,172.3,nan,nan
191,3.184,0.0,nan,nan,158.8,164.5,170.1,123.7,171.9,175.2,176.5,172.6,nan,nan
192,3.201,0.0,nan,nan,158.5,172.1,170.4,128.6,171.3,174.5,176.6,172.0,nan,nan
193,3.218,0.0,nan,nan,158.2,179.7,169.7,133.7,170.6,174.7,176.5,173.8,nan,nan
194,3.234,0.0,nan,nan,158.8,178.5,169.6,133.5,170.4,174.1,177.3,173.2,nan,nan
195,3.251,0.0,nan,nan,161.8,174.6,171.1,135.1,168.9,174.7,176.8,174.3,nan,nan
196,3.268,0.0,nan,nan,157.7,172.5,169.8,136.6,168.7,173.9,177.6,174.3,nan,nan
197,3.284,0.0,nan,nan,159.2,169.2,170.4,139.0,168.5,172.8,177.7,174.3,nan,nan
198,3.301,0.0,nan,nan,156.8,167.9,169.8,141.8,166.6,173.5,176.9,176.0,nan,nan
199,3.318,0.0,nan,nan,157.0,166.2,168.8,141.8,166.1,173.3,178.4,176.6,nan,nan
200,3.334,0.0,nan,nan,159.0,161.7,167.7,143.9,166.4,172.7,178.7,176.9,nan,nan
201,3.351,0.0,nan,nan,159.3,159.6,168.9,145.5,165.1,172.7,176.8,177.8,nan,nan
202,3.368,0.0,nan,nan,157.5,157.7,168.6,149.0,165.5,171.6,177.8,177.9,nan,nan
203,3.384,0.0,nan,nan,153.5,153.6,164.2,149.8,164.7,172.5,178.5,177.9,nan,nan
204,3.401,0.0,nan,nan,153.2,148.4,165.6,157.9,164.4,171.3,178.1,177.6,nan,nan
205,3.418,0.0,nan,nan,152.9,148.0,166.0,158.9,163.3,172.5,178.6,179.0,nan,nan
206,3.434,0.0,nan,nan,149.3,144.9,164.7,161.2,163.6,171.9,179.5,178.4,nan,nan
207,3.451,0.0,nan,nan,145.9,142.0,164.1,163.4,163.9,172.7,178.1,178.6,nan,nan
208,3.468,0.0,nan,nan,135.9,139.3,159.4,166.7,163.1,173.3,178.8,178.3,nan,nan
209,3.484,0.0,nan,nan,133.2,131.3,160.6,175.8,163.3,174.0,177.5,178.8,nan,nan
210,3.501,0.0,nan,nan,132.6,128.0,163.1,179.6,164.8,173.0,176.9,177.2,nan,nan
211,3.518,0.0,nan,nan,132.2,126.4,163.4,179.0,164.6,173.8,178.0,177.6,nan,nan
212,3.534,0.0,nan,nan,135.3,120.3,162.3,173.9,165.6,173.6,177.7,176.5,nan,nan
213,3.551,0.0,nan,nan,133.7,113.0,160.3,165.1,166.3,174.9,176.2,177.9,nan,nan
214,3.568,0.0,nan,nan,137.5,107.1,160.5,157.7,166.8,175.2,175.4,176.5,nan,nan
215,3.584,0.0,nan,nan,135.7,103.3,160.4,150.3,165.7,176.0,177.4,176.3,nan,nan
216,3.601,0.0,nan,nan,139.0,97.3,163.2,141.2,166.1,177.3,176.6,177.9,nan,nan
217,3.618,0.0,nan,nan,144.8,94.4,162.8,138.4,164.9,178.7,178.1,179.2,nan,nan
218,3.634,0.0,nan,nan,145.5,88.1,165.3,129.7,166.4,179.2,176.1,179.0,nan,nan
219,3.651,0.0,nan,nan,149.8,87.7,165.5,129.3,166.4,178.5,178.2,178.1,nan,nan
220,3.668,0.0,nan,nan,155.7,92.8,168.7,132.6,165.9,178.9,178.1,178.4,nan,nan
221,3.684,0.0,nan,nan,160.3,88.8,166.9,128.3,166.1,179.2,179.1,98.3,nan,nan
222,3.701,0.0,nan,nan,163.3,94.1,168.6,129.3,165.4,177.2,179.7,101.4,nan,nan
223,3.718,0.0,nan,nan,170.3,90.3,171.2,122.6,166.1,178.6,179.1,178.3,nan,nan
224,3.735,0.0,nan,nan,177.2,85.8,174.5,116.7,165.3,179.4,179.4,179.5,nan,nan
225,3.751,0.0,nan,nan,179.3,85.3,175.0,113.2,165.8,178.6,177.9,177.1,nan,nan
226,3.768,0.0,nan,nan,177.1,91.9,177.0,117.1,163.7,177.7,178.7,177.6,nan,nan
227,3.785,0.0,nan,nan,177.5,92.4,175.2,117.8,164.4,179.0,177.7,178.3,nan,nan
228,3.801,0.0,nan,nan,176.6,90.0,175.5,112.6,163.5,177.9,176.4,177.4,nan,nan
229,3.818,0.0,nan,nan,176.0,89.0,175.3,109.8,163.5,177.2,176.4,177.5,nan,nan
230,3.835,0.0,nan,nan,174.6,88.4,175.2,109.1,162.2,176.7,177.6,177.8,nan,nan
231,3.851,0.0,nan,nan,173.7,86.0,175.3,102.5,160.9,176.3,177.2,178.7,nan,nan
232,3.868,0.0,nan,nan,173.1,86.1,174.5,102.5,159.6,175.9,179.2,176.9,nan,nan
233,3.885,0.0,nan,nan,174.2,84.7,171.0,103.1,160.4,178.0,176.9,178.5,nan,nan
234,3.901,0.0,nan,nan,172.9,82.1,171.1,99.9,157.1,176.5,179.5,178.5,nan,nan
235,3.918,0.0,nan,nan,169.5,79.0,171.2,96.6,154.2,176.3,179.2,178.9,nan,nan
236,3.935,0.0,nan,nan,167.5,77.5,170.5,94.0,152.6,179.3,176.4,179.7,nan,nan
237,3.951,0.0,nan,nan,165.1,79.4,171.1,94.0,150.4,178.0,177.6,178.8,nan,nan
238,3.968,0.0,nan,nan,163.7,75.2,170.6,87.7,144.5,177.8,163.4,179.5,nan,nan
239,3.985,0.0,nan,nan,161.4,73.7,169.5,87.2,141.8,178.4,164.7,178.3,nan,nan
240,4.001,0.0,nan,nan,159.1,73.4,170.0,88.3,137.6,176.3,166.5,179.0,nan,nan
241,4.018,0.0,nan,nan,159.1,78.2,169.9,94.7,137.8,160.5,170.9,165.6,nan,nan
242,4.035,0.0,nan,nan,158.5,78.1,169.8,93.8,132.6,160.2,179.7,166.0,nan,nan
243,4.051,0.0,nan,nan,159.2,77.4,168.5,92.0,127.9,148.1,171.5,156.1,nan,nan
244,4.068,0.0,nan,nan,158.6,76.6,168.2,93.4,124.7,144.1,170.5,151.0,nan,nan
245,4.085,0.0,nan,nan,159.2,77.0,168.1,91.7,121.9,120.8,160.4,133.4,nan,nan
246,4.101,0.0,nan,nan,158.1,78.0,169.7,92.3,114.4,130.6,116.5,145.7,nan,nan
247,4.118,0.0,nan,nan,158.1,79.4,171.9,92.7,112.7,120.2,161.0,123.7,nan,nan
248,4.135,0.0,nan,nan,156.9,82.1,170.1,95.4,118.5,110.7,175.9,119.3,nan,nan
249,4.151,0.0,nan,nan,156.9,81.0,170.3,94.3,118.8,111.6,177.7,118.2,nan,nan
250,4.168,0.0,nan,nan,154.6,83.8,171.3,96.7,110.6,109.6,167.4,114.1,nan,nan
251,4.185,0.0,nan,nan,147.3,88.4,178.4,97.7,121.8,84.8,43.5,97.7,nan,nan
252,4.201,0.0,nan,nan,143.4,91.1,176.6,99.4,109.5,87.0,74.8,97.7,nan,nan
253,4.218,0.0,nan,nan,138.2,93.1,173.5,98.6,3.8,97.6,177.4,106.6,nan,nan
254,4.235,0.0,nan,nan,129.1,97.1,164.0,102.2,10.5,88.5,170.0,113.8,nan,nan
255,4.251,0.0,nan,nan,116.2,99.7,150.9,102.7,13.6,126.5,150.9,110.5,nan,nan
256,4.268,0.0,nan,nan,117.9,100.9,152.3,102.8,7.4,115.1,155.6,109.6,nan,nan
257,4.285,0.0,nan,nan,111.7,105.6,150.8,110.8,146.6,104.7,171.8,122.9,nan,nan
258,4.301,0.0,nan,nan,103.7,109.3,143.4,118.6,153.7,96.9,175.3,136.0,nan,nan
259,4.318,0.0,nan,nan,94.3,110.0,132.4,117.0,151.6,104.6,175.8,123.1,nan,nan
260,4.335,0.0,nan,nan,94.1,110.0,132.4,117.0,154.1,102.6,175.6,123.2,nan,nan
261,4.351,0.0,nan,nan,86.4,109.2,124.3,109.9,156.0,122.9,175.9,99.4,nan,nan
262,4.368,0.0,nan,nan,81.4,105.0,119.2,91.8,158.9,138.2,177.3,170.4,nan,nan
263,4.385,0.0,nan,nan,81.0,120.0,123.4,92.1,162.3,129.8,178.0,177.1,nan,nan
264,4.401,0.0,nan,nan,81.7,120.3,124.5,91.9,162.4,128.6,178.2,174.2,nan,nan
265,4.418,0.0,nan,nan,80.4,141.5,124.4,102.6,162.1,123.9,177.1,170.2,nan,nan
266,4.435,0.0,nan,nan,80.3,143.4,124.1,109.2,162.6,112.9,177.1,162.2,nan,nan
267,4.451,0.0,nan,nan,81.0,143.4,125.0,109.6,163.3,112.2,177.1,163.7,nan,nan
268,4.468,0.0,nan,nan,89.0,151.7,135.0,117.4,160.9,105.6,175.3,103.4,nan,nan
269,4.485,0.0,nan,nan,88.7,150.1,134.2,116.7,162.0,104.9,175.7,103.4,nan,nan
270,4.501,0.0,nan,nan,97.4,154.3,139.6,121.1,161.4,104.5,176.3,105.3,nan,nan
271,4.518,0.0,nan,nan,107.5,166.3,149.5,132.9,163.6,104.9,177.7,179.4,nan,nan
272,4.535,0.0,nan,nan,107.1,166.3,148.9,132.9,163.4,104.9,177.5,177.9,nan,nan
273,4.551,0.0,nan,nan,113.2,176.2,154.4,148.6,164.0,102.5,178.2,93.0,nan,nan
274,4.568,0.0,nan,nan,127.2,171.3,163.3,164.5,163.6,107.3,177.9,86.3,nan,nan
275,4.585,0.0,nan,nan,126.8,171.3,162.6,164.5,163.6,107.3,177.8,85.6,nan,nan
276,4.601,0.0,nan,nan,135.9,160.6,165.2,175.2,164.5,107.4,179.0,88.2,nan,nan
277,4.618,0.0,nan,nan,138.4,160.6,165.6,175.2,164.5,107.4,179.0,91.8,nan,nan
278,4.635,0.0,nan,nan,150.9,157.5,165.8,179.7,164.3,115.1,178.4,92.8,nan,nan
279,4.651,0.0,nan,nan,148.5,157.5,165.4,179.7,164.5,115.1,178.6,93.6,nan,nan
280,4.668,0.0,nan,nan,167.6,158.3,169.3,175.0,164.3,123.0,179.6,85.1,nan,nan
281,4.685,0.0,nan,nan,167.6,158.3,169.1,175.4,164.3,122.9,179.5,84.6,nan,nan
282,4.701,0.0,nan,nan,178.5,155.5,172.1,166.0,163.5,131.2,179.3,74.5,nan,nan
283,4.718,0.0,nan,nan,179.3,155.3,172.1,166.1,163.5,131.2,179.3,74.5,nan,nan
284,4.735,0.0,nan,nan,169.4,152.0,172.1,157.4,162.6,140.8,178.9,62.0,nan,nan
285,4.751,0.0,nan,nan,155.4,149.7,176.2,147.2,163.5,145.2,179.6,54.7,nan,nan
286,4.768,0.0,nan,nan,155.0,149.9,177.8,147.2,163.5,145.8,179.6,58.0,nan,nan
287,4.785,0.0,nan,nan,154.4,148.4,172.6,142.0,164.7,150.2,179.7,22.2,nan,nan
288,4.801,0.0,nan,nan,153.9,148.7,173.5,141.7,163.9,149.6,179.4,23.1,nan,nan
289,4.818,0.0,nan,nan,153.2,140.2,171.0,127.3,163.9,159.3,178.5,4.3,nan,nan
290,4.835,0.0,nan,nan,151.3,139.9,173.0,125.7,163.4,159.7,179.0,5.7,nan,nan
291,4.852,0.0,nan,nan,153.9,137.3,168.9,122.3,165.2,165.1,179.5,0.5,nan,nan
292,4.868,0.0,nan,nan,153.2,137.3,169.0,122.3,164.7,165.1,178.4,0.5,nan,nan
293,4.885,0.0,nan,nan,155.9,137.2,165.4,125.2,165.3,169.4,178.2,168.2,nan,nan
294,4.902,0.0,nan,nan,156.8,136.0,163.9,123.4,165.3,169.4,178.2,168.2,nan,nan
295,4.918,0.0,nan,nan,154.1,128.5,168.2,112.0,167.6,170.1,178.3,170.9,nan,nan
296,4.935,0.0,nan,nan,154.3,128.5,167.9,112.0,167.0,169.4,177.1,169.3,nan,nan
297,4.952,0.0,nan,nan,156.4,125.3,162.7,110.1,168.6,171.5,177.7,167.9,nan,nan
298,4.968,0.0,nan,nan,157.1,125.3,161.9,110.1,168.6,171.5,177.7,167.9,nan,nan
299,4.985,0.0,nan,nan,155.8,119.6,160.2,107.6,170.2,175.3,176.9,171.4,nan,nan
300,5.002,0.0,nan,nan,155.2,119.6,160.4,107.7,169.8,176.5,176.9,173.0,nan,nan
301,5.018,0.0,nan,nan,156.2,114.0,156.8,105.9,171.1,176.2,174.7,172.6,nan,nan
302,5.035,0.0,nan,nan,156.5,114.6,157.2,106.1,171.6,177.0,176.8,172.4,nan,nan
303,5.052,0.0,nan,nan,159.7,111.0,152.1,106.8,172.8,178.2,173.9,173.6,nan,nan
304,5.068,0.0,nan,nan,160.1,112.2,151.4,107.6,172.9,178.2,174.0,173.6,nan,nan
305,5.085,0.0,nan,nan,155.0,109.4,150.5,108.5,175.0,175.7,174.3,170.9,nan,nan
306,5.102,0.0,nan,nan,155.0,109.4,150.5,108.5,175.0,175.7,174.3,170.9,nan,nan
307,5.118,0.0,nan,nan,156.0,104.3,151.9,105.4,174.6,178.8,173.5,172.9,nan,nan
308,5.135,0.0,nan,nan,157.0,105.1,151.2,102.6,174.6,175.7,173.4,170.2,nan,nan
309,5.152,0.0,nan,nan,152.9,103.0,154.1,106.1,175.0,179.6,172.4,172.8,nan,nan
310,5.168,0.0,nan,nan,152.8,102.1,152.8,106.1,175.0,179.1,172.4,174.2,nan,nan
311,5.185,0.0,nan,nan,144.1,100.8,157.5,105.8,174.8,178.5,171.5,175.2,nan,nan
312,5.202,0.0,nan,nan,144.6,100.8,156.7,105.8,174.8,178.6,171.5,175.1,nan,nan
313,5.218,0.0,nan,nan,151.2,98.9,157.0,106.0,175.2,179.1,171.3,171.9,nan,nan
314,5.235,0.0,nan,nan,151.9,98.5,156.1,106.2,175.9,179.2,173.0,172.0,nan,nan
315,5.252,0.0,nan,nan,146.2,100.6,162.5,110.6,172.6,177.8,171.4,173.9,nan,nan
316,5.268,0.0,nan,nan,146.5,99.7,161.2,109.1,172.5,177.8,170.6,173.9,nan,nan
317,5.285,0.0,nan,nan,148.6,97.6,164.0,106.5,173.3,178.4,173.8,173.3,nan,nan
318,5.302,0.0,nan,nan,149.6,97.2,162.4,105.9,173.2,178.3,173.8,173.3,nan,nan
319,5.318,0.0,nan,nan,145.2,96.6,169.3,105.3,171.8,176.9,172.0,174.9,nan,nan
320,5.335,0.0,nan,nan,152.3,87.5,161.1,99.3,172.5,178.2,175.4,175.2,nan,nan
321,5.352,0.0,nan,nan,152.6,89.0,161.7,100.6,172.0,179.5,173.5,174.1,nan,nan
322,5.368,0.0,nan,nan,91.6,94.9,77.5,104.1,165.5,178.3,169.6,171.6,nan,nan
323,5.385,0.0,nan,nan,91.1,94.9,78.1,104.4,166.1,179.5,171.7,172.3,nan,nan
324,5.402,0.0,nan,nan,148.2,90.2,168.2,103.3,161.7,169.4,172.2,163.7,nan,nan
325,5.418,0.0,nan,nan,148.2,90.1,168.2,102.8,162.2,169.9,172.8,164.3,nan,nan
326,5.435,0.0,nan,nan,126.6,91.4,167.2,103.3,160.4,165.1,175.5,162.0,nan,nan
327,5.452,0.0,nan,nan,128.0,91.4,168.3,103.2,161.4,164.9,175.5,162.7,nan,nan
328,5.468,0.0,nan,nan,115.7,91.5,158.8,108.3,136.8,12.5,99.4,177.6,nan,nan
329,5.485,0.0,nan,nan,115.6,91.5,158.8,108.3,159.0,42.5,144.0,145.4,nan,nan
330,5.502,0.0,nan,nan,104.2,94.5,135.9,98.2,142.2,164.9,142.8,166.1,nan,nan
331,5.518,0.0,nan,nan,104.7,94.8,135.8,98.1,143.6,162.7,142.8,166.8,nan,nan
332,5.535,0.0,nan,nan,114.3,95.8,145.6,96.4,143.9,153.9,141.8,153.8,nan,nan
333,5.552,0.0,nan,nan,114.0,95.8,145.7,96.5,144.9,151.9,141.6,154.9,nan,nan
334,5.568,0.0,nan,nan,112.9,95.7,130.1,98.6,129.0,30.3,139.8,162.7,nan,nan
335,5.585,0.0,nan,nan,112.9,96.4,130.5,100.2,33.3,31.7,36.6,161.3,nan,nan
336,5.602,0.0,nan,nan,129.6,100.0,142.9,100.1,131.4,111.8,133.4,87.9,nan,nan
337,5.618,0.0,nan,nan,128.5,99.7,141.3,100.3,129.1,113.8,132.9,87.2,nan,nan
338,5.635,0.0,nan,nan,109.0,103.4,130.6,103.5,121.8,39.4,128.8,168.6,nan,nan
339,5.652,0.0,nan,nan,107.9,104.6,130.4,104.2,123.9,38.4,130.0,165.5,nan,nan
340,5.668,0.0,nan,nan,109.3,101.9,129.5,106.3,105.2,49.2,122.6,156.0,nan,nan
341,5.685,0.0,nan,nan,109.3,101.9,129.5,106.3,105.2,49.2,122.6,161.6,nan,nan
342,5.702,0.0,nan,nan,118.0,107.1,130.2,113.2,82.9,61.5,110.3,144.4,nan,nan
343,5.718,0.0,nan,nan,118.4,107.1,130.6,113.4,81.9,62.1,110.7,144.6,nan,nan
344,5.735,0.0,nan,nan,123.9,111.7,122.7,116.5,61.1,71.8,148.5,137.1,nan,nan
345,5.752,0.0,nan,nan,123.9,111.7,122.7,116.4,61.5,70.9,148.2,137.8,nan,nan
346,5.768,0.0,nan,nan,128.1,118.9,122.9,126.3,70.5,62.2,133.9,151.7,nan,nan
347,5.785,0.0,nan,nan,127.6,119.0,122.5,126.3,72.3,61.9,137.4,152.5,nan,nan
348,5.802,0.0,nan,nan,132.9,125.5,120.9,133.5,90.0,72.7,146.9,136.9,nan,nan
349,5.818,0.0,nan,nan,132.9,125.5,120.9,133.5,89.9,72.7,147.4,137.5,nan,nan
350,5.835,0.0,nan,nan,135.1,131.9,126.2,143.4,101.8,77.5,153.9,129.7,nan,nan
351,5.852,0.0,nan,nan,133.6,132.0,124.9,143.3,101.8,76.5,153.9,130.2,nan,nan
352,5.869,0.0,nan,nan,140.4,143.0,132.7,156.9,115.3,79.8,161.8,125.3,nan,nan
353,5.885,0.0,nan,nan,140.4,143.0,132.7,157.0,115.7,80.5,161.8,123.7,nan,nan
354,5.902,0.0,nan,nan,145.3,153.1,138.0,165.8,127.3,85.9,165.6,116.0,nan,nan
355,5.919,0.0,nan,nan,145.3,153.1,138.1,165.7,128.3,85.5,165.4,116.0,nan,nan
356,5.935,0.0,nan,nan,146.3,156.2,143.0,170.5,136.0,91.8,165.2,105.6,nan,nan
357,5.952,0.0,nan,nan,146.3,156.1,143.2,170.8,137.4,91.8,167.2,104.6,nan,nan
358,5.969,0.0,nan,nan,145.6,160.7,146.8,171.2,146.2,97.8,169.9,90.5,nan,nan
359,5.985,0.0,nan,nan,147.8,160.3,149.0,171.2,146.2,97.8,169.9,90.5,nan,nan
360,6.002,0.0,nan,nan,133.2,166.2,138.3,168.4,149.7,96.4,166.1,84.9,nan,nan
361,6.019,0.0,nan,nan,129.3,166.3,134.9,169.1,150.4,96.4,166.8,84.9,nan,nan
362,6.035,0.0,nan,nan,129.6,171.3,139.9,167.5,156.6,116.3,162.9,55.6,nan,nan
363,6.052,0.0,nan,nan,129.6,171.3,139.9,167.5,156.6,113.8,162.9,56.5,nan,nan
364,6.069,0.0,nan,nan,155.0,176.2,174.6,169.5,162.9,124.1,150.8,29.9,nan,nan
365,6.085,0.0,nan,nan,150.2,178.4,169.6,168.7,162.9,124.1,150.8,30.1,nan,nan
366,6.102,0.0,nan,nan,114.4,178.0,90.6,166.6,167.5,143.8,121.0,19.7,nan,nan
367,6.119,0.0,nan,nan,111.2,178.0,88.8,166.7,167.9,142.6,119.7,20.0,nan,nan
368,6.135,0.0,nan,nan,105.1,168.5,78.7,170.7,168.3,151.6,91.7,39.4,nan,nan
369,6.152,0.0,nan,nan,105.1,168.6,80.0,170.6,169.0,151.6,92.9,41.9,nan,nan
370,6.169,0.0,nan,nan,99.8,161.2,73.0,172.1,172.7,163.6,65.4,57.5,nan,nan
371,6.185,0.0,nan,nan,99.8,161.5,72.9,173.0,172.9,163.0,62.7,57.4,nan,nan
372,6.202,0.0,nan,nan,99.8,153.9,74.9,176.9,178.0,162.3,61.0,81.6,nan,nan
373,6.219,0.0,nan,nan,99.8,153.9,75.0,176.9,176.8,162.8,60.2,81.6,nan,nan
374,6.235,0.0,nan,nan,100.1,151.2,78.7,172.8,176.3,165.6,51.8,99.8,nan,nan
375,6.252,0.0,nan,nan,98.9,151.0,79.1,173.4,175.5,167.8,51.8,102.1,nan,nan
376,6.269,0.0,nan,nan,97.0,147.6,84.5,173.8,170.8,165.6,59.2,108.8,nan,nan
377,6.285,0.0,nan,nan,96.4,144.5,84.5,168.3,169.9,163.1,60.8,104.6,nan,nan
378,6.302,0.0,nan,nan,95.6,163.4,87.1,143.3,164.9,158.3,66.1,110.0,nan,nan
379,6.319,0.0,nan,nan,95.3,163.9,86.9,143.6,164.9,158.3,66.1,110.8,nan,nan
380,6.335,0.0,nan,nan,18.6,28.6,83.2,122.0,136.8,143.0,91.1,106.3,nan,nan
381,6.352,0.0,nan,nan,17.1,26.3,81.2,118.3,136.8,142.5,90.5,106.3,nan,nan
382,6.369,0.0,nan,nan,4.5,32.5,32.7,45.8,77.1,129.9,156.9,96.3,nan,nan
383,6.385,0.0,nan,nan,4.7,32.0,32.9,46.4,75.4,130.4,158.7,97.2,nan,nan
384,6.402,0.0,nan,nan,1.7,28.3,33.5,43.6,95.8,126.1,137.9,99.5,nan,nan
385,6.419,0.0,nan,nan,1.8,23.8,34.1,40.7,129.5,120.5,103.6,102.1,nan,nan
386,6.435,0.0,nan,nan,5.7,17.8,34.6,37.7,160.2,113.4,72.2,105.0,nan,nan
387,6.452,0.0,nan,nan,10.1,10.0,34.9,34.5,176.7,104.1,54.7,107.5,nan,nan
388,6.469,0.0,nan,nan,15.2,0.9,35.2,31.1,175.1,91.8,45.6,108.6,nan,nan
389,6.485,0.0,nan,nan,21.0,15.5,35.4,27.4,171.8,76.0,40.4,107.3,nan,nan
390,6.502,0.0,nan,nan,27.6,35.3,35.4,23.1,171.6,57.1,37.4,103.2,nan,nan
391,6.519,0.0,nan,nan,34.9,58.6,35.2,18.1,174.6,35.9,35.8,97.6,nan,nan
392,6.535,0.0,nan,nan,43.1,81.9,34.6,12.0,176.9,12.1,35.3,92.2,nan,nan
393,6.552,0.0,nan,nan,52.0,102.8,33.7,4.2,157.0,20.5,35.8,88.0,nan,nan
394,6.569,0.0,nan,nan,61.8,122.3,31.9,6.2,117.1,69.8,37.8,85.2,nan,nan
395,6.585,0.0,nan,nan,73.0,142.4,28.6,20.2,81.8,112.4,42.7,83.3,nan,nan
396,6.602,0.0,nan,nan,87.3,164.7,21.8,38.3,65.2,134.6,55.5,82.1,nan,nan
397,6.619,0.0,nan,nan,112.7,171.8,3.5,58.8,57.2,147.0,98.8,81.3,nan,nan
398,6.635,0.0,nan,nan,175.1,150.7,52.9,77.9,52.9,154.9,158.6,80.8,nan,nan
399,6.652,0.0,nan,nan,132.7,134.3,99.3,92.9,50.2,160.5,178.1,80.5,nan,nan
400,6.669,0.0,nan,nan,132.7,134.3,99.3,92.9,50.2,160.5,178.1,80.5,nan,nan
401,6.685,0.0,nan,nan,132.7,134.3,99.3,92.9,50.2,160.5,178.1,80.5,nan,nan
402,6.702,0.0,nan,nan,132.7,134.3,99.3,92.9,50.2,160.5,178.1,80.5,nan,nan
403,6.719,0.0,nan,nan,132.7,134.3,99.3,92.9,50.2,160.5,178.1,80.5,nan,nan
404,6.735,0.0,nan,nan,132.7,134.3,99.3,92.9,50.2,160.5,178.1,80.5,nan,nan
405,6.752,0.0,nan,nan,132.7,134.3,99.3,92.9,50.2,160.5,178.1,80.5,nan,nan
406,6.769,0.0,nan,nan,132.7,134.3,99.3,92.9,50.2,160.5,178.1,80.5,nan,nan
407,6.785,0.0,nan,nan,132.7,134.3,99.3,92.9,50.2,160.5,178.1,80.5,nan,nan
408,6.802,0.0,nan,nan,132.7,134.3,99.3,92.9,50.2,160.5,178.1,80.5,nan,nan
409,6.819,0.0,nan,nan,132.7,134.3,99.3,92.9,50.2,160.5,178.1,80.5,nan,nan
410,6.835,0.0,nan,nan,132.7,134.3,99.3,92.9,50.2,160.5,178.1,80.5,nan,nan
411,6.852,0.0,nan,nan,132.7,134.3,99.3,92.9,50.2,160.5,178.1,80.5,nan,nan
412,6.869,0.0,nan,nan,132.7,134.3,99.3,92.9,50.2,160.5,178.1,80.5,nan,nan
413,6.885,0.0,nan,nan,132.7,134.3,99.3,92.9,50.2,160.5,178.1,80.5,nan,nan
414,6.902,0.0,nan,nan,132.7,134.3,99.3,92.9,50.2,160.5,178.1,80.5,nan,nan
415,6.919,0.0,nan,nan,132.7,134.3,99.3,92.9,50.2,160.5,178.1,80.5,nan,nan
416,6.936,0.0,nan,nan,132.7,134.3,99.3,92.9,50.2,160.5,178.1,80.5,nan,nan
417,6.952,0.0,nan,nan,132.7,134.3,99.3,92.9,50.2,160.5,178.1,80.5,nan,nan
418,6.969,0.0,nan,nan,132.7,134.3,99.3,92.9,50.2,160.5,178.1,80.5,nan,nan
419,6.986,0.0,nan,nan,132.7,134.3,99.3,92.9,50.2,160.5,178.1,80.5,nan,nan
420,7.002,0.0,nan,nan,132.7,134.3,99.3,92.9,50.2,160.5,178.1,80.5,nan,nan
421,7.019,0.0,nan,nan,132.7,134.3,99.3,92.9,50.2,160.5,178.1,80.5,nan,nan
422,7.036,0.0,nan,nan,132.7,134.3,99.3,92.9,50.2,160.5,178.1,80.5,nan,nan
423,7.052,0.0,nan,nan,132.7,134.3,99.3,92.9,50.2,160.5,178.1,80.5,nan,nan
424,7.069,0.0,nan,nan,132.7,134.3,99.3,92.9,50.2,160.5,178.1,80.5,nan,nan
425,7.086,0.0,nan,nan,132.7,134.3,99.3,92.9,50.2,160.5,178.1,80.5,nan,nan
426,7.102,0.0,nan,nan,132.7,134.3,99.3,92.9,50.2,160.5,178.1,80.5,nan,nan
427,7.119,0.0,nan,nan,132.7,134.3,99.3,92.9,50.2,160.5,178.1,80.5,nan,nan
428,7.136,0.0,nan,nan,132.7,134.3,99.3,92.9,50.2,160.5,178.1,80.5,nan,nan
429,7.152,0.0,nan,nan,132.7,134.3,99.3,92.9,50.2,160.5,178.1,80.5,nan,nan
430,7.169,0.0,nan,nan,132.7,134.3,99.3,92.9,50.2,160.5,178.1,80.5,nan,nan
431,7.186,0.0,nan,nan,132.7,134.3,99.3,92.9,50.2,160.5,178.1,80.5,nan,nan
432,7.202,0.0,nan,nan,132.7,134.3,99.3,92.9,50.2,160.5,178.1,80.5,nan,nan
433,7.219,0.0,nan,nan,132.7,134.3,99.3,92.9,50.2,160.5,178.1,80.5,nan,nan
434,7.236,0.0,nan,nan,132.7,134.3,99.3,92.9,50.2,160.5,178.1,80.5,nan,nan
435,7.252,0.0,nan,nan,132.7,134.3,99.3,92.9,50.2,160.5,178.1,80.5,nan,nan
436,7.269,0.0,nan,nan,132.7,134.3,99.3,92.9,50.2,160.5,178.1,80.5,nan,nan
437,7.286,0.0,nan,nan,132.7,134.3,99.3,92.9,50.2,160.5,178.1,80.5,nan,nan
438,7.302,0.0,nan,nan,132.7,134.3,99.3,92.9,50.2,160.5,178.1,80.5,nan,nan
439,7.319,0.0,nan,nan,132.7,134.3,99.3,92.9,50.2,160.5,178.1,80.5,nan,nan
440,7.336,0.0,nan,nan,132.7,134.3,99.3,92.9,50.2,160.5,178.1,80.5,nan,nan
441,7.352,0.0,nan,nan,132.7,134.3,99.3,92.9,50.2,160.5,178.1,80.5,nan,nan
442,7.369,0.0,nan,nan,132.7,134.3,99.3,92.9,50.2,160.5,178.1,80.5,nan,nan
443,7.386,0.0,nan,nan,132.7,134.3,99.3,92.9,50.2,160.5,178.1,80.5,nan,nan
444,7.402,0.0,nan,nan,132.7,134.3,99.3,92.9,50.2,160.5,178.1,80.5,nan,nan
445,7.419,0.0,nan,nan,132.7,134.3,99.3,92.9,50.2,160.5,178.1,80.5,nan,nan
446,7.436,0.0,nan,nan,132.7,134.3,99.3,92.9,50.2,160.5,178.1,80.5,nan,nan
447,7.452,0.0,nan,nan,132.7,134.3,99.3,92.9,50.2,160.5,178.1,80.5,nan,nan
448,7.469,0.0,nan,nan,132.7,134.3,99.3,92.9,50.2,160.5,178.1,80.5,nan,nan
449,7.486,0.0,nan,nan,132.7,134.3,99.3,92.9,50.2,160.5,178.1,80.5,nan,nan
450,7.502,0.0,nan,nan,132.7,134.3,99.3,92.9,50.2,160.5,178.1,80.5,nan,nan
451,7.519,0.0,nan,nan,132.7,134.3,99.3,92.9,50.2,160.5,178.1,80.5,nan,nan
452,7.536,0.0,nan,nan,132.7,134.3,99.3,92.9,50.2,160.5,178.1,80.5,nan,nan
453,7.552,0.0,nan,nan,132.7,134.3,99.3,92.9,50.2,160.5,178.1,80.5,nan,nan
454,7.569,0.0,nan,nan,132.7,134.3,99.3,92.9,50.2,160.5,178.1,80.5,nan,nan
455,7.586,0.0,nan,nan,132.7,134.3,99.3,92.9,50.2,160.5,178.1,80.5,nan,nan
456,7.602,0.0,nan,nan,132.7,134.3,99.3,92.9,50.2,160.5,178.1,80.5,nan,nan
457,7.619,0.0,nan,nan,132.7,134.3,99.3,92.9,50.2,160.5,178.1,80.5,nan,nan
458,7.636,0.0,nan,nan,132.7,134.3,99.3,92.9,50.2,160.5,178.1,80.5,nan,nan
459,7.652,0.0,nan,nan,132.7,134.3,99.3,92.9,50.2,160.5,178.1,80.5,nan,nan
460,7.669,0.0,nan,nan,132.7,134.3,99.3,92.9,50.2,160.5,178.1,80.5,nan,nan
461,7.686,0.0,nan,nan,132.7,134.3,99.3,92.9,50.2,160.5,178.1,80.5,nan,nan
462,7.702,0.0,nan,nan,132.7,134.3,99.3,92.9,50.2,160.5,178.1,80.5,nan,nan
463,7.719,0.0,nan,nan,132.7,134.3,99.3,92.9,50.2,160.5,178.1,80.5,nan,nan
464,7.736,0.0,nan,nan,132.7,134.3,99.3,92.9,50.2,160.5,178.1,80.5,nan,nan
465,7.752,0.0,nan,nan,132.7,134.3,99.3,92.9,50.2,160.5,178.1,80.5,nan,nan
466,7.769,0.0,nan,nan,132.7,134.3,99.3,92.9,50.2,160.5,178.1,80.5,nan,nan
467,7.786,0.0,nan,nan,132.7,134.3,99.3,92.9,50.2,160.5,178.1,80.5,nan,nan
468,7.802,0.0,nan,nan,132.7,134.3,99.3,92.9,50.2,160.5,178.1,80.5,nan,nan
469,7.819,0.0,nan,nan,132.7,134.3,99.3,92.9,50.2,160.5,178.1,80.5,nan,nan
470,7.836,0.0,nan,nan,132.7,134.3,99.3,92.9,50.2,160.5,178.1,80.5,nan,nan
471,7.852,0.0,nan,nan,132.7,134.3,99.3,92.9,50.2,160.5,178.1,80.5,nan,nan
472,7.869,0.0,nan,nan,132.7,134.3,99.3,92.9,50.2,160.5,178.1,80.5,nan,nan
473,7.886,0.0,nan,nan,132.7,134.3,99.3,92.9,50.2,160.5,178.1,80.5,nan,nan
474,7.902,0.0,nan,nan,132.7,134.3,99.3,92.9,50.2,160.5,178.1,80.5,nan,nan
475,7.919,0.0,nan,nan,132.7,134.3,99.3,92.9,50.2,160.5,178.1,80.5,nan,nan
476,7.936,0.0,nan,nan,132.7,134.3,99.3,92.9,50.2,160.5,178.1,80.5,nan,nan
477,7.952,0.0,nan,nan,132.7,134.3,99.3,92.9,50.2,160.5,178.1,80.5,nan,nan
478,7.969,0.0,nan,nan,132.7,134.3,99.3,92.9,50.2,160.5,178.1,80.5,nan,nan
479,7.986,0.0,nan,nan,132.7,134.3,99.3,92.9,50.2,160.5,178.1,80.5,nan,nan
480,8.002,0.0,nan,nan,132.7,134.3,99.3,92.9,50.2,160.5,178.1,80.5,nan,nan
481,8.019,0.0,nan,nan,132.7,134.3,99.3,92.9,50.2,160.5,178.1,80.5,nan,nan
482,8.036,0.0,nan,nan,132.7,134.3,99.3,92.9,50.2,160.5,178.1,80.5,nan,nan
483,8.053,0.0,nan,nan,132.7,134.3,99.3,92.9,50.2,160.5,178.1,80.5,nan,nan
484,8.069,0.0,nan,nan,132.7,134.3,99.3,92.9,50.2,160.5,178.1,80.5,nan,nan
485,8.086,0.0,nan,nan,132.7,134.3,99.3,92.9,50.2,160.5,178.1,80.5,nan,nan
486,8.103,0.0,nan,nan,132.7,134.3,99.3,92.9,50.2,160.5,178.1,80.5,nan,nan
487,8.119,0.0,nan,nan,132.7,134.3,99.3,92.9,50.2,160.5,178.1,80.5,nan,nan
488,8.136,0.0,nan,nan,132.7,134.3,99.3,92.9,50.2,160.5,178.1,80.5,nan,nan
489,8.153,0.0,nan,nan,132.7,134.3,99.3,92.9,50.2,160.5,178.1,80.5,nan,nan
490,8.169,0.0,nan,nan,132.7,134.3,99.3,92.9,50.2,160.5,178.1,80.5,nan,nan
491,8.186,0.0,nan,nan,132.7,134.3,99.3,92.9,50.2,160.5,178.1,80.5,nan,nan
492,8.203,0.0,nan,nan,132.7,134.3,99.3,92.9,50.2,160.5,178.1,80.5,nan,nan
493,8.219,0.0,nan,nan,132.7,134.3,99.3,92.9,50.2,160.5,178.1,80.5,nan,nan
494,8.236,0.0,nan,nan,132.7,134.3,99.3,92.9,50.2,160.5,178.1,80.5,nan,nan
495,8.253,0.0,nan,nan,132.7,134.3,99.3,92.9,50.2,160.5,178.1,80.5,nan,nan
496,8.269,0.0,nan,nan,132.7,134.3,99.3,92.9,50.2,160.5,178.1,80.5,nan,nan
497,8.286,0.0,nan,nan,132.7,134.3,99.3,92.9,50.2,160.5,178.1,80.5,nan,nan
498,8.303,0.0,nan,nan,132.7,134.3,99.3,92.9,50.2,160.5,178.1,80.5,nan,nan
499,8.319,0.0,nan,nan,132.7,134.3,99.3,92.9,50.2,160.5,178.1,80.5,nan,nan
500,8.336,0.0,nan,nan,132.7,134.3,99.3,92.9,50.2,160.5,178.1,80.5,nan,nan
501,8.353,0.0,nan,nan,132.7,134.3,99.3,92.9,50.2,160.5,178.1,80.5,nan,nan
502,8.369,0.0,nan,nan,132.7,134.3,99.3,92.9,50.2,160.5,178.1,80.5,nan,nan
503,8.386,0.0,nan,nan,132.7,134.3,99.3,92.9,50.2,160.5,178.1,80.5,nan,nan
504,8.403,0.0,nan,nan,132.7,134.3,99.3,92.9,50.2,160.5,178.1,80.5,nan,nan
505,8.419,0.0,nan,nan,132.7,134.3,99.3,92.9,50.2,160.5,178.1,80.5,nan,nan
506,8.436,0.0,nan,nan,132.7,134.3,99.3,92.9,50.2,160.5,178.1,80.5,nan,nan
507,8.453,0.0,nan,nan,132.7,134.3,99.3,92.9,50.2,160.5,178.1,80.5,nan,nan
508,8.469,0.0,nan,nan,132.7,134.3,99.3,92.9,50.2,160.5,178.1,80.5,nan,nan
509,8.486,0.0,nan,nan,132.7,134.3,99.3,92.9,50.2,160.5,178.1,80.5,nan,nan
510,8.503,0.0,nan,nan,132.7,134.3,99.3,92.9,50.2,160.5,178.1,80.5,nan,nan
511,8.519,0.0,nan,nan,132.7,134.3,99.3,92.9,50.2,160.5,178.1,80.5,nan,nan
512,8.536,0.0,nan,nan,132.7,134.3,99.3,92.9,50.2,160.5,178.1,80.5,nan,nan
513,8.553,0.0,nan,nan,132.7,134.3,99.3,92.9,50.2,160.5,178.1,80.5,nan,nan
514,8.569,0.0,nan,nan,132.7,134.3,99.3,92.9,50.2,160.5,178.1,80.5,nan,nan
515,8.586,0.0,nan,nan,132.7,134.3,99.3,92.9,50.2,160.5,178.1,80.5,nan,nan
516,8.603,0.0,nan,nan,132.7,134.3,99.3,92.9,50.2,160.5,178.1,80.5,nan,nan
517,8.619,0.0,nan,nan,132.7,134.3,99.3,92.9,50.2,160.5,178.1,80.5,nan,nan
518,8.636,0.0,nan,nan,132.7,134.3,99.3,92.9,50.2,160.5,178.1,80.5,nan,nan
519,8.653,0.0,nan,nan,132.7,134.3,99.3,92.9,50.2,160.5,178.1,80.5,nan,nan
520,8.669,0.0,nan,nan,132.7,134.3,99.3,92.9,50.2,160.5,178.1,80.5,nan,nan
521,8.686,0.0,nan,nan,132.7,134.3,99.3,92.9,50.2,160.5,178.1,80.5,nan,nan
522,8.703,0.0,nan,nan,132.7,134.3,99.3,92.9,50.2,160.5,178.1,80.5,nan,nan
523,8.719,0.0,nan,nan,132.7,134.3,99.3,92.9,50.2,160.5,178.1,80.5,nan,nan
524,8.736,0.0,nan,nan,132.7,134.3,99.3,92.9,50.2,160.5,178.1,80.5,nan,nan
525,8.753,0.0,nan,nan,132.7,134.3,99.3,92.9,50.2,160.5,178.1,80.5,nan,nan
526,8.769,0.0,nan,nan,132.7,134.3,99.3,92.9,50.2,160.5,178.1,80.5,nan,nan
527,8.786,0.0,nan,nan,132.7,134.3,99.3,92.9,50.2,160.5,178.1,80.5,nan,nan
528,8.803,0.0,nan,nan,132.7,134.3,99.3,92.9,50.2,160.5,178.1,80.5,nan,nan
529,8.819,0.0,nan,nan,132.7,134.3,99.3,92.9,50.2,160.5,178.1,80.5,nan,nan
530,8.836,0.0,nan,nan,132.7,134.3,99.3,92.9,50.2,160.5,178.1,80.5,nan,nan
531,8.853,0.0,nan,nan,132.7,134.3,99.3,92.9,50.2,160.5,178.1,80.5,nan,nan
532,8.869,0.0,nan,nan,132.7,134.3,99.3,92.9,50.2,160.5,178.1,80.5,nan,nan
533,8.886,0.0,nan,nan,132.7,134.3,99.3,92.9,50.2,160.5,178.1,80.5,nan,nan
534,8.903,0.0,nan,nan,132.7,134.3,99.3,92.9,50.2,160.5,178.1,80.5,nan,nan
535,8.919,0.0,nan,nan,132.7,134.3,99.3,92.9,50.2,160.5,178.1,80.5,nan,nan
536,8.936,0.0,nan,nan,132.7,134.3,99.3,92.9,50.2,160.5,178.1,80.5,nan,nan
537,8.953,0.0,nan,nan,132.7,134.3,99.3,92.9,50.2,160.5,178.1,80.5,nan,nan
538,8.969,0.0,nan,nan,132.7,134.3,99.3,92.9,50.2,160.5,178.1,80.5,nan,nan
539,8.986,0.0,nan,nan,132.7,134.3,99.3,92.9,50.2,160.5,178.1,80.5,nan,nan
540,9.003,0.0,nan,nan,132.7,134.3,99.3,92.9,50.2,160.5,178.1,80.5,nan,nan
541,9.019,0.0,nan,nan,132.7,134.3,99.3,92.9,50.2,160.5,178.1,80.5,nan,nan
542,9.036,0.0,nan,nan,132.7,134.3,99.3,92.9,50.2,160.5,178.1,80.5,nan,nan
543,9.053,0.0,nan,nan,132.7,134.3,99.3,92.9,50.2,160.5,178.1,80.5,nan,nan
544,9.069,0.0,nan,nan,132.7,134.3,99.3,92.9,50.2,160.5,178.1,80.5,nan,nan
545,9.086,0.0,nan,nan,132.7,134.3,99.3,92.9,50.2,160.5,178.1,80.5,nan,nan
546,9.103,0.0,nan,nan,132.7,134.3,99.3,92.9,50.2,160.5,178.1,80.5,nan,nan
547,9.12,0.0,nan,nan,132.7,134.3,99.3,92.9,50.2,160.5,178.1,80.5,nan,nan
548,9.136,0.0,nan,nan,132.7,134.3,99.3,92.9,50.2,160.5,178.1,80.5,nan,nan
549,9.153,0.0,nan,nan,132.7,134.3,99.3,92.9,50.2,160.5,178.1,80.5,nan,nan
550,9.17,0.0,nan,nan,132.7,134.3,99.3,92.9,50.2,160.5,178.1,80.5,nan,nan
551,9.186,0.0,nan,nan,132.7,134.3,99.3,92.9,50.2,160.5,178.1,80.5,nan,nan
552,9.203,0.0,nan,nan,132.7,134.3,99.3,92.9,50.2,160.5,178.1,80.5,nan,nan
553,9.22,0.0,nan,nan,132.7,134.3,99.3,92.9,50.2,160.5,178.1,80.5,nan,nan
554,9.236,0.0,nan,nan,132.7,134.3,99.3,92.9,50.2,160.5,178.1,80.5,nan,nan
555,9.253,0.0,nan,nan,132.7,134.3,99.3,92.9,50.2,160.5,178.1,80.5,nan,nan
556,9.27,0.0,nan,nan,132.7,134.3,99.3,92.9,50.2,160.5,178.1,80.5,nan,nan
557,9.286,0.0,nan,nan,132.7,134.3,99.3,92.9,50.2,160.5,178.1,80.5,nan,nan
558,9.303,0.0,nan,nan,132.7,134.3,99.3,92.9,50.2,160.5,178.1,80.5,nan,nan
559,9.32,0.0,nan,nan,132.7,134.3,99.3,92.9,50.2,160.5,178.1,80.5,nan,nan
560,9.336,0.0,nan,nan,132.7,134.3,99.3,92.9,50.2,160.5,178.1,80.5,nan,nan
561,9.353,0.0,nan,nan,132.7,134.3,99.3,92.9,50.2,160.5,178.1,80.5,nan,nan
562,9.37,0.0,nan,nan,132.7,134.3,99.3,92.9,50.2,160.5,178.1,80.5,nan,nan
563,9.386,0.0,nan,nan,132.7,134.3,99.3,92.9,50.2,160.5,178.1,80.5,nan,nan
564,9.403,0.0,nan,nan,132.7,134.3,99.3,92.9,50.2,160.5,178.1,80.5,nan,nan
565,9.42,0.0,nan,nan,132.7,134.3,99.3,92.9,50.2,160.5,178.1,80.5,nan,nan
566,9.436,0.0,nan,nan,132.7,134.3,99.3,92.9,50.2,160.5,178.1,80.5,nan,nan
567,9.453,0.0,nan,nan,132.7,134.3,99.3,92.9,50.2,160.5,178.1,80.5,nan,nan
568,9.47,0.0,nan,nan,132.7,134.3,99.3,92.9,50.2,160.5,178.1,80.5,nan,nan
569,9.486,0.0,nan,nan,132.7,134.3,99.3,92.9,50.2,160.5,178.1,80.5,nan,nan
570,9.503,0.0,nan,nan,132.7,134.3,99.3,92.9,50.2,160.5,178.1,80.5,nan,nan
571,9.52,0.0,nan,nan,132.7,134.3,99.3,92.9,50.2,160.5,178.1,80.5,nan,nan
572,9.536,0.0,nan,nan,132.7,134.3,99.3,92.9,50.2,160.5,178.1,80.5,nan,nan
573,9.553,0.0,nan,nan,132.7,134.3,99.3,92.9,50.2,160.5,178.1,80.5,nan,nan
574,9.57,0.0,nan,nan,132.7,134.3,99.3,92.9,50.2,160.5,178.1,80.5,nan,nan
575,9.586,0.0,nan,nan,132.7,134.3,99.3,92.9,50.2,160.5,178.1,80.5,nan,nan
576,9.603,0.0,nan,nan,132.7,134.3,99.3,92.9,50.2,160.5,178.1,80.5,nan,nan
577,9.62,0.0,nan,nan,132.7,134.3,99.3,92.9,50.2,160.5,178.1,80.5,nan,nan
578,9.636,0.0,nan,nan,132.7,134.3,99.3,92.9,50.2,160.5,178.1,80.5,nan,nan
579,9.653,0.0,nan,nan,132.7,134.3,99.3,92.9,50.2,160.5,178.1,80.5,nan,nan
580,9.67,0.0,nan,nan,132.7,134.3,99.3,92.9,50.2,160.5,178.1,80.5,nan,nan
581,9.686,0.0,nan,nan,132.7,134.3,99.3,92.9,50.2,160.5,178.1,80.5,nan,nan
582,9.703,0.0,nan,nan,132.7,134.3,99.3,92.9,50.2,160.5,178.1,80.5,nan,nan
583,9.72,0.0,nan,nan,132.7,134.3,99.3,92.9,50.2,160.5,178.1,80.5,nan,nan
584,9.736,0.0,nan,nan,132.7,134.3,99.3,92.9,50.2,160.5,178.1,80.5,nan,nan
585,9.753,0.0,nan,nan,132.7,134.3,99.3,92.9,50.2,160.5,178.1,80.5,nan,nan
586,9.77,0.0,nan,nan,132.7,134.3,99.3,92.9,50.2,160.5,178.1,80.5,nan,nan
587,9.786,0.0,nan,nan,132.7,134.3,99.3,92.9,50.2,160.5,178.1,80.5,nan,nan
588,9.803,0.0,nan,nan,132.7,134.3,99.3,92.9,50.2,160.5,178.1,80.5,nan,nan
589,9.82,0.0,nan,nan,132.7,134.3,99.3,92.9,50.2,160.5,178.1,80.5,nan,nan
590,9.836,0.0,nan,nan,132.7,134.3,99.3,92.9,50.2,160.5,178.1,80.5,nan,nan
591,9.853,0.0,nan,nan,132.7,134.3,99.3,92.9,50.2,160.5,178.1,80.5,nan,nan
592,9.87,0.0,nan,nan,132.7,134.3,99.3,92.9,50.2,160.5,178.1,80.5,nan,nan
593,9.886,0.0,nan,nan,132.7,134.3,99.3,92.9,50.2,160.5,178.1,80.5,nan,nan
594,9.903,0.0,nan,nan,132.7,134.3,99.3,92.9,50.2,160.5,178.1,80.5,nan,nan
595,9.92,0.0,nan,nan,132.7,134.3,99.3,92.9,50.2,160.5,178.1,80.5,nan,nan
596,9.936,0.0,nan,nan,132.7,134.3,99.3,92.9,50.2,160.5,178.1,80.5,nan,nan
597,9.953,0.0,nan,nan,132.7,134.3,99.3,92.9,50.2,160.5,178.1,80.5,nan,nan
598,9.97,0.0,nan,nan,132.7,134.3,99.3,92.9,50.2,160.5,178.1,80.5,nan,nan
599,9.986,0.0,nan,nan,132.7,134.3,99.3,92.9,50.2,160.5,178.1,80.5,nan,nan
600,10.003,0.0,nan,nan,132.7,134.3,99.3,92.9,50.2,160.5,178.1,80.5,nan,nan
601,10.02,0.0,nan,nan,132.7,134.3,99.3,92.9,50.2,160.5,178.1,80.5,nan,nan
602,10.036,0.0,nan,nan,132.7,134.3,99.3,92.9,50.2,160.5,178.1,80.5,nan,nan
603,10.053,0.0,nan,nan,132.7,134.3,99.3,92.9,50.2,160.5,178.1,80.5,nan,nan
604,10.07,0.0,nan,nan,132.7,134.3,99.3,92.9,50.2,160.5,178.1,80.5,nan,nan
605,10.086,0.0,nan,nan,132.7,134.3,99.3,92.9,50.2,160.5,178.1,80.5,nan,nan
606,10.103,0.0,nan,nan,132.7,134.3,99.3,92.9,50.2,160.5,178.1,80.5,nan,nan
607,10.12,0.0,nan,nan,132.7,134.3,99.3,92.9,50.2,160.5,178.1,80.5,nan,nan
608,10.136,0.0,nan,nan,132.7,134.3,99.3,92.9,50.2,160.5,178.1,80.5,nan,nan
609,10.153,0.0,nan,nan,132.7,134.3,99.3,92.9,50.2,160.5,178.1,80.5,nan,nan
610,10.17,0.0,nan,nan,132.7,134.3,99.3,92.9,50.2,160.5,178.1,80.5,nan,nan
611,10.187,0.0,nan,nan,132.7,134.3,99.3,92.9,50.2,160.5,178.1,80.5,nan,nan
612,10.203,0.0,nan,nan,132.7,134.3,99.3,92.9,50.2,160.5,178.1,80.5,nan,nan
613,10.22,0.0,nan,nan,132.7,134.3,99.3,92.9,50.2,160.5,178.1,80.5,nan,nan
614,10.237,0.0,nan,nan,132.7,134.3,99.3,92.9,50.2,160.5,178.1,80.5,nan,nan
615,10.253,0.0,nan,nan,132.7,134.3,99.3,92.9,50.2,160.5,178.1,80.5,nan,nan
616,10.27,0.0,nan,nan,132.7,134.3,99.3,92.9,50.2,160.5,178.1,80.5,nan,nan
617,10.287,0.0,nan,nan,132.7,134.3,99.3,92.9,50.2,160.5,178.1,80.5,nan,nan
618,10.303,0.0,nan,nan,132.7,134.3,99.3,92.9,50.2,160.5,178.1,80.5,nan,nan
619,10.32,0.0,nan,nan,132.7,134.3,99.3,92.9,50.2,160.5,178.1,80.5,nan,nan
620,10.337,0.0,nan,nan,132.7,134.3,99.3,92.9,50.2,160.5,178.1,80.5,nan,nan
621,10.353,0.0,nan,nan,132.7,134.3,99.3,92.9,50.2,160.5,178.1,80.5,nan,nan
622,10.37,0.0,nan,nan,132.7,134.3,99.3,92.9,50.2,160.5,178.1,80.5,nan,nan
623,10.387,0.0,nan,nan,132.7,134.3,99.3,92.9,50.2,160.5,178.1,80.5,nan,nan
624,10.403,0.0,nan,nan,132.7,134.3,99.3,92.9,50.2,160.5,178.1,80.5,nan,nan
625,10.42,0.0,nan,nan,132.7,134.3,99.3,92.9,50.2,160.5,178.1,80.5,nan,nan
626,10.437,0.0,nan,nan,132.7,134.3,99.3,92.9,50.2,160.5,178.1,80.5,nan,nan
627,10.453,0.0,nan,nan,132.7,134.3,99.3,92.9,50.2,160.5,178.1,80.5,nan,nan
628,10.47,0.0,nan,nan,132.7,134.3,99.3,92.9,50.2,160.5,178.1,80.5,nan,nan
629,10.487,0.0,nan,nan,132.7,134.3,99.3,92.9,50.2,160.5,178.1,80.5,nan,nan
630,10.503,0.0,nan,nan,132.7,134.3,99.3,92.9,50.2,160.5,178.1,80.5,nan,nan
631,10.52,0.0,nan,nan,132.7,134.3,99.3,92.9,50.2,160.5,178.1,80.5,nan,nan
632,10.537,0.0,nan,nan,132.7,134.3,99.3,92.9,50.2,160.5,178.1,80.5,nan,nan
633,10.553,0.0,nan,nan,132.7,134.3,99.3,92.9,50.2,160.5,178.1,80.5,nan,nan
634,10.57,0.0,nan,nan,132.7,134.3,99.3,92.9,50.2,160.5,178.1,80.5,nan,nan
635,10.587,0.0,nan,nan,132.7,134.3,99.3,92.9,50.2,160.5,178.1,80.5,nan,nan
636,10.603,0.0,nan,nan,132.7,134.3,99.3,92.9,50.2,160.5,178.1,80.5,nan,nan
637,10.62,0.0,nan,nan,132.7,134.3,99.3,92.9,50.2,160.5,178.1,80.5,nan,nan
638,10.637,0.0,nan,nan,132.7,134.3,99.3,92.9,50.2,160.5,178.1,80.5,nan,nan
639,10.653,0.0,nan,nan,132.7,134.3,99.3,92.9,50.2,160.5,178.1,80.5,nan,nan
